user_id,book_user_id,music_user_id,movie_user_id
1,3471,8547fe6625e413078e5e546daf02894d,562
2,78262,eafac9769b2c34a33db7eeee5c00ca28,648
3,121482,f234324bb35e6465636993998ab6933d,69
4,217740,9b80c95b8cecb2ad8eeb040101cf41bd,348
5,188022,fef3d87e4a44773ebdb282d9161c7487,906
6,174140,a8c081d994f23edebcf85637e80b845b,92
7,207563,fb4e00b4b564671de5d618d2009723e1,59
8,274634,23a17802002bcd5ce26954efcbed2676,806
9,50749,94a5696d3c922ec8757d200f11c27022,395
10,242050,f144ca4ace63fbb7025992d66719ac97,592
11,267621,9d3aabfef0e5aa09194c135642d9ce98,117
12,195374,3264fd7900a9fd184e2ec3dc61962d02,16
13,262952,470add808ac247da4d67d279846fd7d4,146
14,241204,f889f9c753b5e879a718e305ffb7cf72,237
15,245410,12a0aa1c0280e4894d5a8f07741f3cce,470
16,156000,591f336b119cedb587e7eb6cdec2670e,320
17,142479,45b3f46e215b97e9de53fab411d814b7,706
18,210959,a070213943992c177bb4626146154f1c,182
19,147847,e7f46e556170092ab4ba74513dab4a63,274
20,72183,af638b16be1d5160c5135469c33d8aa1,900
21,120125,293b1d7dd174e140d65c711dc3d0ee5d,908
22,26517,f99e7741c4a6c31868492cc73c13c541,311
23,28477,ad02d1a9d1522a599ad46ef096eeef1f,893
24,122784,49a4f8ad618a72688c006b3d6d5798db,643
25,23712,f274140a7629b988802e02db143ff70a,156
26,35033,69d4e3fca22e2b602c10f7ea93d468dc,629
27,13273,b93019f2acd3a603d8857315e965a5e7,521
28,139828,73db915d8bc7ac72e4fd3bc000db7669,886
29,187158,d53598f2f96c1db06a1d80a568a6daae,740
30,239626,56a52e7a6f1e712f2de3207321ab8101,891
31,211500,a052ccdc8f194407c45d695474a8c971,256
32,56820,bbc367aac4041bf378f05918675db2ef,101
33,38737,fe7d1673dddda71ea695f21974c09872,64
34,227396,a879e989ddc0b2325c6255cf77a77d44,932
35,176629,d9207b151f7acd84a3e8c975f609eaa3,514
36,41057,308a98876942f438ccf2c3d794275f0d,290
37,119517,03cbb61576eddfd4eb42e6d58be62f4c,225
38,69511,070ef6044915fa10b2173c265a3c3099,85
39,148028,694904a05d8f0f81a6c2413de7377045,797
40,109084,44783f8a0e410ce9c2aceed702029726,248
41,225686,e25b8245631040f2c48af9390e35123a,506
42,227879,25f1820a445dfe7d850494f0b5d01c55,748
43,55187,0e4ef9bc170b16fda24f167cca718a90,666
44,92665,059afab6c1de00c67152ba78ac8db80f,657
45,95174,8c1c7c6f76e9bae5228f1395628fad4f,166
46,270070,47696efaef4c937a952be8ba874d7e08,840
47,52352,bbe0800f9d92567c537cdb12e1a830cc,808
48,230629,0b033b3ab79c163ad9ac0831d1edcf00,53
49,185360,87a4a2f121385b0c00890065776ca784,647
50,38273,67001a5038519fd0ac65ab9b8b2461c2,363
51,1733,909297b45c36786e915ed934f3dc1b29,689
52,107951,435121e06adb169831d42746401e1e04,721
53,265553,bad35a26bf9ecba526b5bbe321f884f6,905
54,119326,22f7b61f45b2af0cf9a33707f3710900,621
55,56579,7d7b689e56a53113e9d25f17409773d9,4
56,117553,53dd360beebe597e7e870bf5d418081a,609
57,201256,8eb0892afccd1211af9dd8f824396855,176
58,107865,a698590150be1953adebc6451b6ec5a6,480
59,258690,8a6ab443bd2d207f7da01c72907a3a36,733
60,130968,abcdcbaffb51f12c27639e3d6fbd91d6,90
61,149907,f059b53867e1f6e8a7029ec04eb160e8,925
62,173650,a253b9309323b346f7a412b883603d2a,785
63,75777,6ae5cf0a1c33024bb49d954684fcc54c,100
64,69749,58145425c7827f02e04d4253f0291aec,855
65,276681,e6199bc52e2c78e5d4492528e66b72b1,411
66,119671,3f8b68c25742c97e12ad96c6e157b5fb,392
67,108218,51175060bac877e4289250cf51a8b633,738
68,136425,0e1de3fcff51382d4da420ba741ea268,206
69,167507,7a7069e845a3ba203d417eb884c7ede7,688
70,128727,7709960e5fef9e1c33cb746e483d7132,293
71,64948,4c10280c13fb07017349069509ac1173,600
72,148744,28e4abde147d3271e5e3327be3b0c757,265
73,163948,2d05d78daedadd8f8db4b122dfdf9c32,419
74,159682,52d891df7d05f6ba6f1c1559eba038b9,165
75,28591,9726e0b65e29995cc6c0945f49111227,13
76,189973,03e60a7fa9f84d6841d5f6626f02931f,205
77,135869,f945144a2786000e91f535b0269e2d72,519
78,158791,e4297c11550f9040baa20dc319256705,669
79,43595,7d8815a8e793f952d6d1deb2b987bd19,437
80,102359,7db27fc5c3cff0df22a71a3a5fe857b3,324
81,187801,b9934ef16856dbaabacab107f46c1829,128
82,104665,b7e43d636168552a286cd7ae28d40f9d,190
83,190996,646e93f74a990930b5815a0a6034e8c9,746
84,35836,d9cdb8fbb16a421616ce893f5b461c17,615
85,164096,6850dd8323fec9eecb29ce17bb967f2c,326
86,174304,0ea98bc523e42d5082171df6615d29cf,231
87,233250,ae4cc4292cf3b8348513874f264be54d,707
88,2935,d31839556e67c03629405679d9bb022a,56
89,35996,29320fd2d36575b40d21b623adcf12b2,442
90,87911,f7341619f3e469c73c3a05623e6083be,238
91,144516,656541f8c9c6919b36a9a20a71b1bfe1,23
92,195057,73432f1a6e8ff32db386c53dedb8b49b,858
93,249072,77e6e6435b61868a3671f39f86212a1f,639
94,184513,b8198eacdec609338ec33a229e5ee961,412
95,170507,b3b403db4ba3c4cb154a57fb06c24699,342
96,1435,dd820bfe1ef0175c197aedc402da9528,316
97,117751,e68d559c43c5aac5b3572ede0a79602a,299
98,235117,34c5b62e9510fbf18271381aba7cf683,509
99,121170,e7f12705cc80aff8b00645dfb82b72ec,214
100,177061,6919bc8a0be05d1341ee691c66460bb0,816
101,38725,f3743cac98b7255c3c4a23be09dee7e6,520
102,154553,c1455aa81dc2c7d5561474bb3e4bfd24,481
103,140080,e0f42c3aa2ea5a1aa13ac4a9b7571c88,569
104,26627,1411f6427abcd78692d299c14647072a,122
105,223721,5e51c2186a760b1bc0b02fd7122ee15f,486
106,46154,86825f6c501825d067e11dd95263b032,374
107,237299,f0f90d91dfa02c9bbc4d3a1c71797a79,794
108,181666,75eebe9a5e264363f9e78b580afee61b,926
109,190459,d155b80c30a6342f6ecc09ce360d9c18,587
110,158033,f78d8cbcdd4d8abfa959f02aef28a2f8,916
111,40435,feb84e7ac1f5a60963d40a0d4b6d8ad8,493
112,209667,ff0c5d4b80f060694a8a3180485c56b1,366
113,177374,4a65b8871a927ee801585f19661c45dc,428
114,153831,f93a6c180a310e3daff3b6924827fa7a,145
115,117196,814b88d54192fea7c0d71bfb19b3e5e8,737
116,12554,63451d4a92d0775c4baeb2eb89e78bc8,708
117,8570,27148946c3481de86639fc73a93ed0ab,557
118,277639,650c4d63a819dbb77cc15a87f407039a,618
119,270605,1d55a12fc82e5fc88f8dad24ab86c8b7,918
120,113528,4716203c1a14dc435df68556776d84fd,52
121,191548,1c281ea1afd3f85871c43a0ef14890f3,513
122,213312,cee37f42902c86aa50452e188e22d6dc,310
123,75787,90b24b926c7b315f951dbf05ce46ebb7,113
124,107960,25a318de125260cb83da2ef13c7e8335,65
125,205938,3b30ac6ebe9c2732909bc95ad28fdfc2,457
126,256270,85f77f02625fc1a46d2470993a0c33b0,497
127,97044,48ff9a8322164ddce654cfde6c73f1df,544
128,203033,b481231707b8747cbfd6294de8ff05a1,281
129,89633,b6a6c54de54935208f8e597781f2dc48,752
130,175003,c38177228f8a56bb7c956db8724d77e7,766
131,96869,193a2da047f485b90fc2c8c76987868d,357
132,195351,9740cc227837b07324418c0c848d7b74,234
133,65624,6e7b7360c5c55fa1afef49377e593c06,119
134,59407,09dc0b7e2ee0eb50e2be0387ac144c66,792
135,119541,5c8ac4253b1f7ad781db76b836a1e04f,463
136,169957,e04bbd1370cf4fff619aa8e740828f4d,687
137,14461,bb21712cd18456cf07311fe2457e917d,305
138,153054,ad85d16437adc7f9a1c9b4b7823b5b59,330
139,79977,f6e3ff638977454ccca5399d8e48ba8a,159
140,182838,84ae157f1ee361e2cdcb26344bba4281,659
141,269728,982d0aef5fd07277df43150ac26e2c28,729
142,44924,2a0df8b0d1eb8e797d554894e9bb8ff1,735
143,123215,9ff00189f7876a246351bacaa51609c9,584
144,51777,efce151c2fdae76ac7bb05fed4e71174,898
145,84820,df6d0ac666dd088a625da0d365f7c1a8,461
146,73196,a84cf306b73e2764d6f34a7639e94afc,626
147,76223,8789de6e5f13bd7593bd1ea77dcc5ae7,315
148,223231,8eba286f0ad583c3bba7bb0bb7eb3491,761
149,212911,cc25c9706f6d7f03ead81fbeb7f8b18b,46
150,68185,26b2e974d193cd323128e456b6d34d13,362
151,99055,f33d08385ec464f3cb6dfff0b3ee2684,851
152,10030,9025a68d39b2c7702c637a1b570a53bd,181
153,179772,924472704683365fa945fa8d4d2d9c02,353
154,113804,a72c8c5e36da136913d8ec133b5aca38,665
155,107726,bef8be63c1bc46e119d74d60e4dd2f45,818
156,117256,9cc10781ac3e5d4ea0117e2fa4d41fd4,86
157,125700,0dc821779987709af18af57235cc2127,848
158,77461,44f53e3f5d7ea2de0c3179f4bfe0d922,583
159,170227,0ec4e1b26857f8f838b8c4eb2e4e1eeb,217
160,140213,6e19b7c46ff1986e34ced171a107c3bd,346
161,213646,71123081ff7b46ae499f58c1cbc6a0d6,895
162,86418,0b44d4d479f283182d25fb73c9fe1bbc,780
163,127063,d012db65a50f11dfefcaf34da668efd6,198
164,213350,f8060899e4f5d6c72fd037d61641b2cd,934
165,71071,b6d3691a717be5f59f38fc15240be943,912
166,16943,1bad507e15d5266ae3ab25d1a8327c8c,147
167,182527,c0e1244f7535f1225540e35cd2dbf7e6,941
168,202963,c4397b41b68a636a810517e59f6a476b,201
169,142134,4895c5715bb1986089c5b2e92544c697,139
170,244092,3d0ba3c59895a504cbc38a122c6a4d2a,358
171,164176,b35d05a3c269472d98c8794d25e0f78b,884
172,120782,502c7443cf9b89d478369a2165a79da5,236
173,32148,65f3ca671f3e98acaa7e075e30096e27,574
174,20418,fdf079dbafcf8405f82917e3474c6ca4,667
175,60392,735b7c6e86c297af7c09e597f29459f2,931
176,82169,f7b01d870c6d80e369808109be5f4454,936
177,189066,16e4489dfc48d83e4c2915eb40cd03a0,200
178,108485,7f75f099fdae77ef8cd3f750b96633dc,212
179,240403,ac146ad0c9870b5662519faf726a5178,642
180,85587,41b1ad4bc3b3146933fb077823c37586,612
181,135831,d3dfe3d0e2af20ebca829d80836a71c9,813
182,22107,fd484b5b94032ecbec1db546d68db4b0,782
183,8362,f190d3599983d09fdaf915b22f785085,313
184,138543,00f38a9f7e21c349643b32489bda6ff3,701
185,223154,1c81a4a7bdcc8a2d69e0f9addce92a6a,883
186,15021,144921c7876f76a424fae5c8f5a53f84,754
187,185634,085c3498581de34a221b07fac40b30ef,903
188,176884,839afb53e83f862536e3fd3fb2d091d2,416
189,148934,7802d7179138e03bfe435502bf9089f1,187
190,94923,270a2b46372de598ed4155e36a76f6a3,483
191,89867,4ef5d2d122d67c733a9aeb15923a74a8,728
192,258784,6c2c8f9495273f337ab84ba57f1435b7,34
193,209024,360b5249bcc45d34c2f562804f5dc99b,552
194,267255,24280d7ad714ec72261d781d4f6e4306,578
195,180586,44e913174d11e8bb58d7f179573950fb,684
196,68846,807792d5c928bed3be68e589b96af740,922
197,146421,7f346bab3df48cc62555d2df96ebbd66,627
198,150554,4a3210605e98331d35a6c39f637f9bfd,26
199,37984,6b426cab2d66514800aa67235c7ffd69,630
200,136313,9153ee804f67f9a47513c310e8d57420,841
201,44595,ea0276464a9bb1545bd4fe6305c5e5cf,573
202,61704,708222bcf9188e71be84af2599643273,431
203,258185,0f5277a06df021d4d4ddf6389dffc12e,550
204,271086,057c718e625e965616a46f587a80a7d4,529
205,266819,15b53a1d6bebc1daed33d53adacdd09c,221
206,17859,7980072e060770da7ad990b1369f8c64,21
207,189151,74e2bbe7d6c20c1c5cc53d0fb67db2f6,633
208,74689,c833d87449d3d0e788c3a373183d701f,106
209,93344,9b96580a7d4f3137c88e9c4bf3bb0d78,209
210,189139,6e25067833fbfe588a44b8545c3b8c62,839
211,31919,04c8971122a8f7728534a84747b9d669,598
212,244769,9dc4110e5fd715696396e6ff8eccfafd,35
213,18067,798ddeb5ce830765d64b1ff2de51660d,772
214,170732,8bc614867c796992a6e8f989a090d0a3,734
215,39646,a25ceb1d19d076f2436b9a3ba315e43e,135
216,199871,1d6652e620c746d394d9f4c3bba7344c,909
217,209123,bee12d5575f14e486078adc2128400cf,55
218,66370,7718bb2d5a090b297e4aa4097539e95a,133
219,60787,e5d724b816cd00f8de8ae67c3272ba67,388
220,220371,cbfa1c7fbb1583dbde1eb638b6ecd254,487
221,60546,5032dd7b5476ca05255e7f3a627053a8,638
222,3104,6d91866c31fb433919bfa93d221fdfc6,872
223,4066,aaef65bd7b9b4f2aab65b87d97e30feb,695
224,207180,81784eaf9491e12041a879cc0edae714,19
225,193824,b097097146c0de1f420ba6d2f36b4fc0,434
226,252865,fdf9965633db38c4bf3fb577df722d05,464
227,179688,db0d3d755f35fa0ed3985a0be1df0e49,415
228,85701,efb6b150eb101deddfb2456509e240be,185
229,63854,f1ea49602239ca058d86ff0d3c1c792b,580
230,225186,ee4c2080a04f5bba5176ce0bdd927f14,278
231,15504,062290789ceac1848aa5f34a1ab58002,223
232,231354,edd46e875de080600a0feec0cde0e1cb,230
233,8019,7b218a8d242cb1f57d843a49b93a01fa,418
234,191317,3fc87ba1f41e8ffff411024fe2cf4f70,913
235,54298,395297ddc69f035c5302dff1335f73a5,376
236,177090,81ba410f78a42d326bab0e041ff30614,10
237,228424,9bcb59e42d27b0bdb296bcb5b408a176,732
238,185154,75a80a90588db87a560ece82689031e2,854
239,175764,be8cc55f3e799ff04361616fa668e37f,123
240,191716,013133a7869817822c117402ba2facf6,518
241,93453,887366963f90f6f7f6758aafec104a02,619
242,219717,bb7974fdd94681f641c9e94c94ef2d52,162
243,44435,7f30324bd0e1f6b6c9585a5a79f28581,301
244,192245,f7344834e023519699a50447d2c699e7,255
245,24191,e5d0573bd749b427205245349a97981d,458
246,83517,8f2cf39e6b47198186e5e334e80a133e,565
247,95173,52b723cf6095d2f29be2231f58f74067,800
248,223399,ce2b4e7ab51128c0003a65df74be2744,244
249,202277,763796665f5d7e31e4ac34a053debd62,143
250,63029,df5928d5534e926e44c11abb1634667b,154
251,35841,052d225d5d16e1b3c3932b20d200d29e,658
252,168016,db7a253d853bd7e694bc3dc0622fb0df,631
253,144318,f4c6fd1ac32cfc2a720aa1cc8af9d4e0,292
254,94787,bbdd504f990d7364cd71c524d7cb0e10,588
255,146585,192d7bd0fcb496d9c9c24b8231bfe88e,459
256,172119,763e6f16b6d9da1311736675fee4e2a9,286
257,248496,8d59c09f4c5a8e91a7ab850a231ed686,756
258,19048,37121f4ec6eeb1bb6b742bcc2e4f9101,710
259,166087,53a80b4f5d73275d7cc00cc78ec812cd,545
260,244020,b77d5938d008b095fbc5d4afe4c11f68,243
261,175377,ce2a5e3cecf34ee91f782081fa13b200,267
262,170518,c43d5ce3e1b6a20116b8905092621de7,318
263,145635,806c476b484980d302a3a1c8af8b4dbf,467
264,254226,cce110c5f4e37ae36dc613f0f4dd3350,432
265,62923,d56ac15448dcbece21162e982d60d21b,394
266,163708,3d52005ff8668165362f2a6a149488d6,232
267,29408,d6dfa99c79e101bd173c9ab5d7153f9b,692
268,66485,250b36ff8b1502104ea0615f9023f5be,563
269,68156,75834dd89e2cd1011b4c1c47fee6310e,836
270,184661,ab49c4fb847220ac8e77af4280846e1e,423
271,130939,ab4d3778e65e1342be1ac754db166c8a,333
272,45641,0f9161bac8ff6279f60bc501434c46f0,446
273,227705,7e8be9a8e5247c57d4cf6cfe77a68cf5,435
274,98686,9ec6ed76b3dd9bd5c27befae774de916,863
275,50681,84e4ae0533ae96044518be530f432128,275
276,123786,618c9e471672c0cecce45270531792c9,862
277,38818,b3a26b2099cf76776cfa1043095804d5,491
278,220172,0d89fcecfd5e10e7b0d96e749b6010e6,899
279,22343,3dd48e66143fa1206b4e37bbe66438f6,15
280,69672,ff88b6f7eeb1bc38bda277737be4223a,596
281,162989,5fc9fb437f713e177ac19f056659e68e,868
282,270512,bb82af89af6d09ae872753d77a88a219,715
283,121094,40d1793eb9531f9250bfd529501ca7a5,635
284,123608,cf87dfe6a23a7fc043d9dd77afe6f82b,306
285,188598,a3268442c65427562af8e1abad9af28e,603
286,143292,e7c88925aaa1bd74f84dbeb0f353941c,378
287,90391,55f361fad00af15e96e790bc360ce1c6,429
288,274898,169d4a9398027b43aefb8c87171936dd,469
289,208104,4fe4a15f91a6ac37af77dfee99e11957,72
290,223408,3807ce0dd6cb96abdc7576f895768da3,582
291,43323,96bb0fa97189130421e8553188fecac1,2
292,104072,7015f40950de61b7ba8cfa2e6c250821,91
293,15055,4fefe2ebf6166cb47eaf07b90910c852,762
294,28607,27981c97fa7a995c1172a109b8d1fe85,730
295,242409,4bfd3b7dca2493c4a47452dea34e956e,865
296,216097,d560dc7dd6099bf4d2d590a7c4ce3f7e,526
297,8752,abe3ed24285d7e773411d3ee4c400d6f,503
298,211098,798378e679e62bc25a57c1d463e5d82d,681
299,204571,17264e82e1a930acf92390050ebdb07a,309
300,144822,94523d53bff52c8cd6f61c1ba8d13d48,140
301,104939,8e11e9f913983781520d589996a3ba5d,355
302,39729,61baddf7207fea410abdc56e680fa869,427
303,154443,e221d06ea86522982383300e4c946e20,476
304,71694,03570240a78153803c0fa4490bea3ee3,570
305,58961,0dd94f9c32d7306d1d16d7e1d62fc7dc,917
306,184121,a1ccee17b8c29cb456bd681baabf22ab,783
307,272482,09aa2149391edb93a2b7a084c863b3f7,651
308,93677,f579f2d049af5e40f8f0d1b035fe5757,382
309,34864,fab7a17b16bb6749c8d725b141d9ab86,191
310,249688,afda913efc0b72a597d3c693c6969571,93
311,36199,c0cf65e23e3df6f75d60f26af75c7162,551
312,26326,ebe663523afeec068b470e2793db8271,654
313,222062,cf6a75cb39f53b985f7364ac986067df,680
314,225938,9d80609082b3ecb55c3d2b7f5d032a67,161
315,25131,103020e22df61e9630b647df94dee33e,713
316,152328,b26235eefbfaad98b38fa26f839b8592,882
317,882,dbc2d9b15c78072462785d385a8fd0f8,381
318,169827,5c4a7012660ce43751efca168785b846,817
319,252654,0b6befbc2fb08d86c50b5011471d8795,496
320,163851,dfb75f4d7be39ff4184f782a0fa414c9,14
321,229847,df8b5b92b6db9ec3e4af337abd046dd9,821
322,268805,9877e7ba7b767b134086a44dbba96d33,253
323,232945,3d84516d407fca02a93487e6767e4cfa,725
324,14295,a46ca31abb15c5b6981e0d788ccc27a5,321
325,100470,252b05453537ae1f5d674cad74b65f50,767
326,235207,f27746c361e6f1d58cfd53264f41b339,79
327,90766,a17641f2376afe5b46fe5373fb948714,719
328,17046,4b4a6174ba68491734213e7a53bffa8a,567
329,253157,691a1f0207cf3c4c1e6cb8ea804bb713,131
330,145190,4e33134a079b4f634f417900fd0e218d,63
331,32802,f6baf0921e3aaa885cad4b6b8541ef2d,579
332,87938,3e7e7c6d0a515f21dd8715cc63d4fd0f,359
333,136916,9f96a71ab9ac8206ba265051b2c27a8e,361
334,100176,2b11686960f016846c3a01540ab02e75,830
335,194525,e27ddbfea5c7c4ea34569ea3a953180c,285
336,62881,eb619429451636d2dbe0450efe740e8f,700
337,60442,08676d7fa2e295089b64e53ae779b9a3,527
338,129983,167978996ac15d691b927852f7236e24,846
339,195100,2a06b4b940bffb824ea93e901d31470a,604
340,278122,c5ea471af0f07ec62465770a6c48ca29,499
341,263325,4e04104b447fb27ba3fac96ceb92e6e7,455
342,135351,3a1c17af4c62cefa8154377e8e8976fc,776
343,97378,f502838601e234f5a7299588546c0070,66
344,216151,b4ad774f66dec2c72df2a36aff73cadb,847
345,62239,c90db1ceff371548c40a6a86bcfe2765,150
346,115655,01c486cc87d38438bce457c91131262a,723
347,147451,a6a402bc92bdf0845dca3659ccc38589,273
348,125917,48ef09a98f4ad837f1ebb8b8518cafb1,99
349,215745,74f39e158879a6ce5854926d9cce471d,682
350,214663,958540cb02bde28e90243117642bd497,298
351,49460,218b8795a0c29b10c4de3b4998d03201,929
352,87108,2eaff416bb582af9a1080290669eb2e2,720
353,155075,80f2adbdf5af3ece2835bc89892dd116,671
354,67198,0f056d18bd909ce61a82156d9fbebe39,197
355,182156,41a9f98576f1ecf62b958dedf28fc665,920
356,216211,e480bdafc7061fecc1e9e4d3319e0536,211
357,271306,d526b617e3364579bd4e8f94e379c111,308
358,104651,dcb94bf474494c79752f0b245e4ac72f,89
359,275321,093fdf8b61d39b0055020b419419d237,38
360,36886,749589e5a72beb3f8bd5d81981b3342b,291
361,98669,5f2c3698dffb06ea27f5aa86cc8dfa43,370
362,85093,4656eb4904774f0cf498a5397aa995da,235
363,113257,eacf7339d46e5886512aea8b313acdf6,421
364,121273,f8a609afe59b2b24e351a8019c408193,295
365,156243,6d96e09fc95418e0af58ce6f66006632,576
366,119505,54e2a49ba38ec7c40c6a4cedc6c3484a,505
367,100697,a0b9a0397185686b0f80fa481290595b,870
368,105263,79d1b491ffeacc1e8290a1b498604223,296
369,142545,e827a62151dfd7dec850d3764e1cbcf7,203
370,169770,618b1426346524fe467787aef7a72b34,444
371,137527,a12f080fbec263fc7f9863edde01f66e,501
372,82659,8056092eea5d0aee8c26ee8a728b139d,670
373,253687,f9937699c9b33b795a304d36f1e48c98,804
374,30276,c5cdf06b5f1836006ef2a2fe4f5ff103,127
375,8759,0326d7137b68e3ce019c3a5ba9b42d16,831
376,55751,58b1a0122f8b556e2a01b8138a557038,32
377,53174,f0e101ce7595c96198d2558bcdeb5e39,585
378,181629,ea86f65da49b1ce17ce8b82cff6d3b8d,910
379,227972,9bf8ce9e49bca91b44c84599a035a8ef,718
380,146113,a214819db0f1c6de7274bcb40030f47b,77
381,155064,bec410718045e2d0a401e393e8a92315,798
382,231351,9cc0cfd4d7d7885102480dd99e7a90d6,177
383,19799,0e3093dce08a72d592d4406a650eb51f,802
384,180348,82e0745b4d64f31fde774a809c3da72d,319
385,130474,041c89929d703a003c560a9079a5d061,222
386,216724,7cae243a6e617bbac43848e587cf0177,39
387,223642,2e7df21d6abe5ecfb62eb088ecbac396,826
388,201768,3efa79b30d043e3920c796b489696b1f,83
389,183985,489b3689601baf86fc266e363eb92b9e,36
390,76218,30a18216feed50cb2591b7b87bd630a9,45
391,139967,fc5977b5951f2e00e0ee5a3982720485,845
392,182425,e7f64d23e67f83ce714ac01fd69380c6,832
393,93085,64bb7cd591c0de34df3f460197936b86,591
394,108083,3189805dddd0b91286635163934caabd,757
395,129075,0a8e23aa7bcf2fbc19b05730b3dfb93d,426
396,3363,95915ee7876f85397f415ad734f15bbd,259
397,194229,6b320c1cbc9de9b84066b4426a67f652,417
398,190923,cf321f653235509e8d626a9a76363678,94
399,137589,47da9dffde45f2c82808d8fac6f6f133,114
400,187239,cf1a156449e0f3435b17cb745a87b5e0,425
401,127798,984c9d805f92f3202a3f8cc34c99bf93,742
402,220158,6048c469722e301d0c99d1fbc9ebc14f,7
403,8782,1110040a3114b27b564547255bbce924,115
404,31742,955e388ff681c2517162d2eb9a3479b3,58
405,106596,f35ce03434bd50645671683579ab3792,300
406,60146,65fdf0ad01992a87a2ddcc33f511ff00,558
407,172827,7a7e0405d107ee8f2a2b9b04cbf3ed76,837
408,87636,944c80d26922ae634d6ce445b1fdff7f,1
409,235864,c3a8f59a568503952e018248b71f2b0f,736
410,182053,23f36951101aa731ff50708ef9615b2d,769
411,39588,832dc67bfacf8b0ad0096d95dbb79416,441
412,212350,ec0b114d6e6fa19e4c9d5e93d4c0dbd6,5
413,65752,b9cc2a9036d280c1c7e6d2bcfe5390d4,478
414,74687,3cb4883aa80228bcbf779c7f41b2f24a,523
415,117936,789f80433bc46e0e492920fd385acc1f,577
416,135329,c411684f86b76734deeb3739bb3ba8f7,74
417,93968,23494cacd595fce363d73d49bd78aaa0,345
418,140417,5cf7e94b0ef748fe5cd261054cbf40ec,195
419,36973,552e2c862b95207bd5ee72f9de9820c6,810
420,33614,1747883282275c1384f54c270e702226,904
421,208895,c50566d83fba17b20697039d5824db78,616
422,8681,b9b0b1d562c35daaf37af5f5382fe398,136
423,42740,0626ebd831d12b0dc66f701b9ce77101,424
424,194669,0917fb5e225ab12b557d7931aa8c82bf,343
425,34286,e027222eb29d74232a859a6d0c84db43,126
426,67690,6c14add0c5651fc0e0691ca57f744569,269
427,120857,af013b8e913a30ff36e279febd309caf,78
428,72886,78544de14c235584a931974e2a1c0742,914
429,138010,4ca01bb934873e1af1b054e8dc4794c4,543
430,180002,4fd50f57b647738891ff02abeca9a419,204
431,229409,aae6fbfec05fb86dd89a4f458096c721,857
432,211430,36a3e461564a46c177fc35f2f0decda0,110
433,58009,23c1ee7b8b63ff58c88fc81a5fc3f9e7,555
434,72352,19dd192de29ae53d5287e8e100f37ffc,498
435,64847,159bef3998acd3427c02000cd5a83e81,385
436,68451,02ab8fee3a456231efdacd1947bd5890,935
437,134641,da61fbb920aeb22cb81cf13fe80c728b,450
438,221867,4012b32a319366953c1a1dcf7d1a7b1f,880
439,252383,f75f617ee1f40c9b67171c4a449417fc,522
440,16411,27c7f1b972feb152cb9befdb1d3ab6b0,625
441,99996,fb73e7c06241b2c4931abf5fb2b0dbd1,685
442,124789,5a5dad2b6f81631b4d18772fba02b641,216
443,128579,5787d4d9a18fe19049d57a5ca23571ad,575
444,24933,0666c52e3ab250fafe30f40512480b18,73
445,173131,0a218eca5b9c76bbb84b15a8664f17c6,859
446,133284,551654bb527f818cb0a07442ef6069c3,375
447,74335,a62b21caca02adac151c78bd4c4cfa9d,368
448,150896,435faeede7f140d0ab8b4f7765558ecf,287
449,96276,24ba621060ae17bf597044c8627b2779,815
450,185163,37a074595fa9a4080e26ae285249a142,824
451,63404,c46b31b8a772392c5c77540b5cebf6f4,664
452,45391,5711760477adfe4b6e94e7dda9ee10a7,892
453,51364,f66b456d6057826c4804ba3741988981,186
454,192960,c9fb5b089739fa4d012f2e15ea4088fb,178
455,238864,6c3f0146c048810db120305afa65732a,241
456,183340,c608ac84078b431e52156f7a81126521,349
457,177688,2f2d426aa2400b40a633757275e96c35,104
458,174311,b5897945906c53eb3a9f493e8ae19f40,340
459,12538,dd8181289c8dfb37d1bfc9b3fdc56a4f,61
460,102647,acc06b2fdfd4eeca376367ebb544755c,758
461,44985,30de95f6713d38ab504c1c86af797a9c,770
462,248718,788dfbb5fe7a7240e2d28681084825c8,571
463,52887,42de1f6c71a4ee9074abdc094fa8a163,364
464,151139,199e06c6e024dcfec03ba6277c717ed8,257
465,213523,b83ef49e3ca9c7ebe22e86d8054c408b,661
466,252347,0ec7c1b106bfce5cc50d07c679f39020,528
467,148664,f33ee59b80e049d749bad109fd3165b6,328
468,120861,d7d48e1d55970b769c04ce63ee2005b5,207
469,218552,18ab16ad229f5433722f943585072082,482
470,85022,d969533651f3e129bdbaea1482a053d1,325
471,104443,1435064e3d682b77235ef67451be8474,351
472,192399,f89457c2f53580ca5ef950cdd7293c50,371
473,59438,af55eabcb413ec256b62ca368eb8be7b,697
474,267671,497d96412d4edaee8109410d6df2f93e,43
475,49422,9131af661db5b827c36d0fd7845f1be1,118
476,259400,280b75289c00a3b31c9a392ea96e79f8,436
477,29209,7bbfeb2e8c6e2a60e9c0a1a3117d9dbf,109
478,58483,00d93ed490e116f5d3f2c4ea5703d8e9,120
479,173719,75fd9ef009ec2b08cda1050a56286980,322
480,226556,928c15f889f3805e7e939653a4686a4a,443
481,225366,bae466b765f96fae5e84bf9c72b2e9ed,279
482,208141,17d3218f5c65d85bc8ea3ff06bc7c65c,22
483,78973,f11782f2c95f15599b6a41f620674715,97
484,270742,556fbc6a79cf53a96fd132cba03dab65,568
485,235935,ad726f8158ed177311eb88b66e5d5a76,268
486,239196,3da4122ee9b54b76bfcf00691a6104ea,192
487,269386,d2049ed042ae4aa1a6ada53acfcabd6f,29
488,38901,9975bbb4ba8242194e9fa3300cc28310,108
489,267061,cea6c84efe1c7a9a7f0e49e07952fe67,937
490,83001,2d3a2d64188bb48af117e8d4d0fd2775,167
491,203621,f65b94ec7a3465012c0cf5b3cf64cbdf,705
492,40885,a6dc87fbe50625d257bc1d8af6be9e8a,805
493,165960,f6876a06002d61f6d06d9955b018e5cd,786
494,140952,27b750a1e73e325bef8888acc67058d9,866
495,1075,03c1465e968ec1e03dea259c7c0a2e14,356
496,236267,46eda75dbedd8bab6eeba48ba705a6fb,502
497,21014,1c1d009e7cd350de99c412d9a983cdc6,611
498,130438,3efb50f2698f1138f0c18e0162db373e,391
499,68128,dbf87f8c9ac43bfbd5d72e33f86a2c43,332
500,183725,7a6c0fae56bc9d7f89552227deacc7cd,153
501,92566,3e50f20467b798f7835f5db11d245127,793
502,225803,bdb6c3ff538d2d8961c8876d5e0c6bc4,406
503,33706,0da16353efaed921680257644280b159,479
504,42594,73175a00d8a5a48b197f1c505e5c7f58,312
505,209160,cbcfc17a5438f2a7c584846f8f610e1b,822
506,274052,b8ff8f8de30bde1a97e4283f48058a78,266
507,101141,44d2fabeb29042d38066c8be00ce61f3,731
508,164799,6ae0f09bbd0ec59224f3d828e306cee0,157
509,98787,fd52957bb84fe69d209048c450a460d0,788
510,81045,e4898c27675adf9cf36b05d04ce81cee,593
511,207311,2133ddef83f63d3d8737c5c614f834f4,360
512,17595,5e21d61db327d4f115015fe5167210f9,823
513,139141,a00ce77894681f9eb00da68657f52ccc,226
514,35859,5c655a5d56e8f4e0b20e9a12469edeb8,829
515,103209,7ddd895e2c8a8db5f2e3a9ba5d3d1dfe,179
516,29615,cec383971f9cfcee77fa029374c3dffb,812
517,246230,d8ceaa3deedc746e12cccfcbdd31300d,438
518,117873,64d559f186140e9c74dcdf33de96ea2a,193
519,134278,645f944634ce0795079787437f6905c5,174
520,182572,731e39822fd86b016158700f90b1f4c9,512
521,271176,b68fe387d91becc7827e7db575f4fb9b,473
522,107972,e16b737c2fa97d4b2699edc0189c7989,24
523,31611,63e68b3df2202039ee0c1471678d9bee,923
524,161222,01e3b221d388709cebdee9a299b4af80,784
525,125685,188109dcd969cdd05baf7820a677b7cc,484
526,245299,92069eea8483745e743754d088dfb7a4,750
527,78518,0f82fb0ae296c3f1618a79a451967f1a,807
528,237426,47aa0a0b2b0842243da613ee369d8c59,940
529,25311,f938be2f7856610cb7d5c11338946be2,560
530,226361,439d228c8ba2f6685e3580683c31a4a9,624
531,275520,d395587f0b211f3fa37c6572f2e0b2b0,875
532,89377,75481b4228ff9639c6c75a6471d36aaa,546
533,267409,cecbfc0b38b79bb23380314e70e5505b,413
534,21484,61a5e916d682d0a5a9bc5c7cd58aa34d,233
535,179576,4a4464d57977aca7306f1f0e1a06baee,44
536,73760,029dac701f9473f549de8ba1004363de,70
537,57056,9457b311b156924da2617c85ec62c466,547
538,33974,b9839a01f5d9f5c14588207159b76dd1,556
539,6840,811472edce01b3889ae8de2252b43d58,539
540,31987,f0f7b2a19d6a6c210403cea59ad1b0fc,456
541,167482,72b69c66183a24805c13c0aa39d764ea,401
542,228445,c64b394dd35fda686d5934b07ae718ef,125
543,235498,0c8435917bd098dce8df8f62b736c0ed,601
544,174625,8a34eb9b95a80216e05804467ded3eb1,173
545,44590,cd76a6b0f3d5532f662fcc721457dc71,405
546,167327,53d69b4120a66729a0208b8cdf00a43d,380
547,3596,e195e072357902d88c16948dafe2525e,637
548,136754,c12a644e317c5aee95277f4e95130022,350
549,43436,9c31f90edb4586f0e54f40759becd283,655
550,145621,870b5a09f35fd8565439478200caa918,727
551,227884,63c8b062e32474746725bce08e693d00,28
552,24626,7c20b2fe3ab2652a8855390bba0d1330,344
553,267635,3aa5436f02f08ac9d52d1f10ab228efc,660
554,278188,5aac52669dadb80d715fc67ef416a50d,674
555,166123,24137b2bebc42c8cf9967fb992621512,88
556,104061,da625e9a6627c9c3912eac9a37228290,504
557,30972,8d168656b30e72603444ac78571ee30b,8
558,202919,285b7d2042905443e0e12bb78515ce78,699
559,231264,d1f781c7fa02bf0f7939b108f9f8bf15,389
560,106849,a9063598b7046760ad1016c86f8bf500,652
561,235659,c68273d51d65a27a8ad6ef805529c5ff,828
562,276581,88ccb3b0e8d6910cca1f0649e39e501b,597
563,113266,0d01463909808246c70b1a05c583956f,103
564,172374,15514ff30660c6b3c72875c5e7e946e5,698
565,190109,591dc5e806a4ebfd431a8b66cf3766ce,229
566,233821,87a36fe7422c151b8e80852d39f2bbec,764
567,182676,f50917a0cea08007b7aeb42a85312ce0,240
568,267033,d12d8fc2c0633d228dcc66372342a7e0,138
569,24369,59f776b2f9de1de9969bc43bcd3fca59,303
570,22365,4a6a3dd3319cc2c0e5ae15fe06446d0e,549
571,162380,22a5b3dbefe2933ca8e68d6f178b2962,304
572,14422,8bb74cb3d3be75426535ed58396a7faf,407
573,151157,daf53e8ae8bd771f2ee0033ad045f6d5,739
574,260959,5bd36b7613598a0085a6ffbc399875bc,679
575,6563,ac2c62a5579845a6e282b6f8e28eaf77,102
576,224393,83eca4c3b636c0d9eeece9e13b730f4f,148
577,78469,dc84c53104a5fa5b359f02db482e34cd,508
578,236058,f7f02d25db91bc3899872ce86f0935bb,760
579,97319,b4640111287c951e74ea127ea4b0aac5,646
580,148158,6cd5e46a69a3980b6a95e385ba6722ab,607
581,32329,fc4ef4fe950813b467a06595efc0fa9a,158
582,160681,5c79cfc14e580bf5b8e2a9a270882341,116
583,237521,015847baf54715b22d52daa76198acc7,189
584,155219,0dbc0c8a0873279d9067267159f38257,98
585,254465,a0d09df570e7f26128e94330d8f18916,334
586,187747,f5fb362ab74074e0865077d0ea3d2cf2,691
587,35806,4263efd72196afa7aeb415ceca1d95b2,833
588,15957,900028f1014cfac219581c9c10d5b6ce,834
589,100035,b0b9342a609b8edd440aef01ab6134ac,623
590,65238,42ad91f5d51ced49976ced51f7e3c4d9,471
591,271674,98ab7f0d5a7b39ccff8e8171aee79215,842
592,79961,19cb3669002eef2834c2028566128ebf,215
593,187929,fc65c4fc0f4752f1597e79c02fee1385,696
594,123883,87d5e023925963325f0bbb88c94af51d,702
595,202127,73e76b230cf35828ae27003f93bc384b,171
596,270429,d7384ac3b56935374ccb5131278e907b,686
597,274371,95ef1f61dc6dc0ff0b65ff3c8b2ef997,901
598,168064,9fb60017f2d971b03885ba80748b19bd,924
599,30898,d845d573de684cba4344751e4ca52cb9,581
600,153950,ebbb95f8601b543b74e2ca1977df967e,384
601,44728,82f455fe4bab694733fa03c271147852,260
602,189877,a8510146ea8b50c8e31b8328c345e2dc,6
603,130764,b1af2b01f54c7ad02490def47eea2d92,765
604,121817,79c900d50f847451c38c9dcc328f74a6,927
605,36606,87438a4c5638cdd97d224412753643a4,644
606,141126,0923e1216b06abfcf3e04824205ece3e,224
607,175993,544a5a791fc0a589f3789cd3833f5141,712
608,67236,7a0a7d233106a967dd1fd895e9a2ffcf,532
609,225659,52305ebb9ca033cf9b887e930b497adc,650
610,150221,6879b04def4c52a0d41e07b4f11136d6,163
611,262863,fd3047c8978672e11cd931afd0bcef75,850
612,179978,33d14f323435e84de3691d787f6bd537,17
613,125039,cba307db75dbd6882ee25f8e63c20188,864
614,252268,b5c089839a1a3545f71cb01f055a3f4e,867
615,131913,489b85fd1fc839a2c22efd5160373225,751
616,76499,420ccbfab914e6f3334a3fa76ca8c8b0,711
617,102998,b9c94111880f6bfb7b0feb07c30eb68c,453
618,248477,12310607455abd8b6ff4838f5638d5b6,472
619,35055,4164c2c47bd342644bcc61d64aa589c3,541
620,36483,ddee98eacc5f68a6a579355110ac2ffc,911
621,179012,1d7144d794aff6be5ff6aad2861d1b94,803
622,233889,5390c1d9595732ed38c91aa200be6b9b,676
623,53418,706c53ae3e25cf5c9f13caa871f7de91,33
624,117130,2c64ee9baaa6d2a72e76335f50db99c9,302
625,103733,f837a8807fbbe7268da1d84952b6b95d,524
626,73012,2e0e1dd1cf3969990dca7779c762fcda,40
627,236283,bf1a27dd4cdd6dc584c48585df51ca61,743
628,39467,fbd6af4e630ef0debbb911bef2dc20e6,606
629,74254,17549f137fa215a3a005a842c1cdfef9,589
630,266478,bbc250b31045c19f9921dd2e841c4eb2,796
631,30081,437117b649685e6e5b2f6a503a1581c3,942
632,20886,89d9830c8028e7e719064b1203a128b9,57
633,169679,2c46065d2aa103ac371c6cbd79f03e23,250
634,125892,84ab5e634a05a24be926ef5b2ff0b744,386
635,114178,6a1880831a3e8e439cf44eefc2fb4f42,445
636,161872,7cc2165556b8911d2e7a37dd8e08ebb6,48
637,235271,eba680205bb3d79f4d4cee48857a84b6,781
638,259626,86cd605c719b841060f13012b1bd5854,202
639,56628,ac64eaf5c504dc750651f78dfb089d76,327
640,143847,e1908ed3528f78587878788ff5522e12,245
641,277513,9aec9b7684820a333fc6794d2eb73362,121
642,241143,66b9c6aa33ad35ba347b2806d6478e7b,130
643,231340,6df22da081c7f7cdd18017ccfd68a35f,617
644,185990,cb55eb883b4bb1e3a80411bd4ad34fa9,95
645,115841,556d6a2022a968961bb88c070e0a1e9a,668
646,162095,5da145fdd2b19cd7a6d43b9f78d3a770,149
647,21202,6a8abdd364a7fa6869fe3c04b0584565,645
648,255489,565fcbefaf348ffc50cdb46eda0015bf,249
649,248531,605c4e6745ac00a02d35490b1a1a2fc5,270
650,200287,380b3bd3800f521cc3ac2504ffc6e7a4,896
651,109998,cf2fb7ef4c0296b6a88a65516a6a43c2,819
652,73681,efb20a7b3be4be5c6ffd598958bd956b,488
653,105317,6bdbbc0364885c954ea61ea353542bf0,252
654,149120,b10e5e983eb8401dc72e251ff501ac05,602
655,238849,25c5cc3d3e0a82e7254e5388fb373597,317
656,232131,2ba5e84b47cbf02c178047c895378cfd,890
657,184789,990e99e06d8ac92958541e5922dedb32,622
658,120873,38c19c41663d811d6fafc39bc3f5e9be,367
659,208095,5717cb64e3c998de10dc8f3ef1a10417,50
660,36554,71f3dc96816034eab4755b075ed60e7b,605
661,189835,25c46f7eb57427e6ec08fc6773b57727,354
662,194273,851f4dce324bc81546ccde8a360db07f,747
663,245281,2fcc9023d2ed35070d55935745a0d18c,430
664,81087,4c18bed0f15d0b1be954b165b45399d5,928
665,234399,ec6a9abc7a818b0c00788add9ec69c58,468
666,112199,48388a944d86ca079dac6e5d825a2b57,87
667,19842,5a71d6152bc2658825eff60c74d43114,724
668,109370,cfd5c95910fca0498883543e1ac89c50,80
669,13082,910f81063cdab69d9eaddb0e502df39d,477
670,242663,3a56afaf206b739886b504694c78212b,494
671,73691,44c32fd61ffaeb19e369942bc2b6b1e4,930
672,194676,bfe27a0d8c71d366d4280e24ec676e24,753
673,246512,7b8fa158b8fb21dbacc303c9608684e1,814
674,193817,0d86bd72cc757df74bf6b23ef6c5a154,933
675,4092,4ec02242935bd9be2416a6e08a1049ea,775
676,108860,982b5e019120ca1efdad335b1713632b,219
677,74238,c62cfd46c6f25fbccdf60fa7ea875023,907
678,8780,8187d8cc019fee9c5556f45cc3797a10,559
679,232964,cdccfd048f6a2d655f6b2dfdfce95f04,228
680,184279,d0831b77564f8afad88020224bada01a,465
681,25545,a849258d1b2adaca73fcccac229d6dcb,188
682,96679,27c18308edb1cab0567798dd4fa8f97e,175
683,269438,6948a4ae6354e060dd09123a2ebc150b,220
684,229767,75e95a6d86333a21497c5af4a1c28555,537
685,61885,87aa076c922bd6a034788bc65cad60b0,763
686,35124,d569f1e4d621ef11ef239dece1e95eb0,452
687,116191,6684e3cb2a3cb8b880c516c247364252,134
688,123430,71f74c6e7adf937b7bc34a9d2a8bea68,774
689,154992,5a6e555b1cf5ccad98cf5e4f60662236,722
690,90731,68606929f38373797b83720b2e51cb26,403
691,14456,9a3c9c5517fc6219d0f822104327dedc,778
692,196738,44b1dcdfd8f22ae2044edefdb446539b,169
693,179288,4e10925fb1862016df47277da7bb0ff5,336
694,262015,d2a1a9e6934be9a4c334972fd0cee9e2,694
695,166809,a239cee8ddb19e89e7576ad7bab7c5b4,132
696,29168,e7d6d80f513ea9d4955e8d80d66bbdfa,51
697,138515,6d623100681e282b592c079594f03a89,809
698,4091,e5f6ec832ef99f06791b80be397b61e7,838
699,13786,6cdb890a9fff57be31b072777350e632,856
700,174848,40d9b2dcc1e83346c7adaf58fbbc6490,749
701,93631,57438cc95f2a833a43274fd94653d113,542
702,44845,181dbc3f6fe3a6d1db2ae1dd499fbaeb,897
703,10447,dec96ea52280499f9e7993e666310f47,714
704,217121,ac3d9dc878b2f4079aa609dde2e42142,307
705,23255,a7c156d1f943ddfac7504f75bc4465c0,787
706,247273,3dad1058688d39a8ae96710e2501b26a,533
707,243328,f479f86e31a80e7bf17dbfbb2dd8ef2a,873
708,112408,e09be7a0b3ccacb150e233e310f866e3,75
709,62477,6537b6ca820a5c1f9544d8354cac931e,251
710,239976,9c13aaebb5de3a74a9793e5d7baa6d3b,789
711,233356,d94ca34cef6934e5d63eb1464f189fa2,396
712,197775,cdd4a3ac982be62de232f802771fff0b,938
713,64846,319c686b2802730160fcfc997816f88d,31
714,123094,90ccd01053d2a52863b867a808b8b5b2,25
715,243700,9353992f9e7135c114a551ef20f5f2fd,137
716,134247,522be8a6c27516844094fade09e3aa23,613
717,136071,b3ac579efe0bc71141da3754c6af42d9,37
718,234814,bafb094649587a3fa02f0e5d46da0f9c,675
719,249862,b741ad9438bcf049085e58aa184a4be1,566
720,132996,1672cf319735025b439fcc2b6e374ae1,791
721,141902,a7bd0a56de42a5cff549e05c922b410e,495
722,264543,d802a41f27ff2850e51e696ce1bf4c2f,881
723,187931,d75bfcd31f807d48eba304bd57203b3a,42
724,99322,c08e09a7e4ef99ff9e055cfada45bef7,377
725,62558,c0452583ce48a2071adebcec92ac3423,515
726,62339,b6cd89f5d867a576d0f04d501bee36b7,288
727,180042,83d7007a034208cdb13b7d3c29a02005,561
728,121829,edcc4cbee43c4093e81df20485f605f0,239
729,51601,317a0f3ff15ff0cd8b12fe06f390a24f,889
730,95269,14d0a57c1d1e8c836f665ea19bcacf1a,801
731,142143,991809511621433748ce488b45f1d36c,475
732,63452,ec2a8ae15548e98e78e4af19643e5c30,404
733,134516,0228cc1c08d89dd5c1f7b315cd224665,338
734,114728,caf9279c9544247e311fa2db80db306d,678
735,51883,2ac45d3831e8fb4b22927ed6b540a1f4,474
736,157876,04df78402cf5da0d61fc4f8bb1c9f3d5,129
737,8503,d0bedfd153bcdd813e31bcf35829cc1a,20
738,167471,987c26ed0980dd24ec9e6c4ceafe6790,170
739,28366,8265c34d3d5195dd89bafe47e4357314,276
740,207304,728518b54cf028eeab30e670525d3054,81
741,185519,77819af0c74b704a15657c8720c7ef31,41
742,60944,6c51bd6ae44ae6577f7eca4b444ad60c,282
743,127481,4b9091aafb023da6c09f98b684b8ac67,554
744,21364,97631bf9afc52cf89ebdb5b5bc368994,172
745,104636,123122ce28f91ca1cb208d73abde5405,402
746,57661,d70f20f7d4577677dd0a3648ae4139a3,337
747,126531,a68cf492cf7c66404cae047609e28bdf,84
748,141710,94e38a23716e4a30b8232cc116c7e950,289
749,205620,86a385a62af460522d0b17123d5dd7d4,111
750,25410,c77195e64b13534370b71c782f332cfc,869
751,253572,2a9df249e179dc3b75b8e87412d6b3fb,339
752,92979,3c6efcdc0a393e0fe6677df0201900d7,49
753,100942,b358a18274eb1e8ecc8e731ff348c268,825
754,179118,46fe05b18c7a326032534c3e61f37873,9
755,11245,c99823a8bb05402de5965382289db13c,420
756,192979,334ed945968f37912c2fae1c4f38ef72,640
757,247752,2ff7c125b4c4c022c3a3a920271426c8,454
758,37512,c12d82d8a9bd76f1000f7447434c6400,921
759,256864,1be164a913cd615b6400cbc35a067f7c,208
760,35979,18d12becd0afebddcd372239212840cb,141
761,242299,51118ee2b2d5a458aed8d5ca674ad8d9,634
762,82831,b3baa18c33850a34932e117fc3b94072,261
763,183123,ddb6d01ae6a57ff59207a60b31ae9281,155
764,188393,cbeacdd00fea7d00da658789d0b548e8,535
765,32188,1a083d9023b1473b51d51da64e0dafb8,466
766,26508,e7f65e73d7c8bfb5fbffc8ad9abd15f7,768
767,244189,b6527764e75f334e231c1fa43e9b5ab1,673
768,221672,eafcf0d5f2366ad35cfbdcef766e5f43,451
769,172742,defd4627e62a7d4422bddaf177a5f190,271
770,35684,6281783aff449ec0998865aa5bc782ec,314
771,149373,6bcbbf83919a4271b8bbe8b172d80e8f,194
772,112941,efccd8d90410002cbae80e5b96213068,540
773,139387,8b1fcabbb90b55f2ab66bd40d50ed02c,160
774,53790,6e4855ad98cfcfdbff0806912125f76d,144
775,26544,b0ba525090e856dce3ec5822eea8aa17,538
776,32467,fa73fc4253c0a155bf953a9d43d2a46e,709
777,163443,b4ca9a19d9d7f9f8658f1338fb903fb9,258
778,217089,03d19a49948a4e30bdc5fb5bceca258d,790
779,278418,8582deae3fff39256712cabdb306c14a,76
780,150124,e2d3c24d35bd968f0b50758549d8cfb8,510
781,170861,d7dd3049017f1a19fa94b0a5297672f4,399
782,174830,cd84248e00054901ce6d0bb47eceee22,887
783,226031,892aa86e28effc6592db882232439c1d,67
784,218608,b2af162d9eae61694f9a4c3982f749c8,242
785,273850,58560692af195f5a1f7e05aed84c1621,662
786,122429,6a8edb61ecdd1d856122a7132443c043,500
787,151262,45624a435588a4e06de0ba38d3664e77,693
788,271342,04e937dd091629ff6cdfb7c2711c5024,297
789,15670,ec88d8cd3fa56af9d5dbb7151a35e66b,820
790,171078,9263979815465a0b315a72868a8596dd,142
791,85112,dc389cab67b37997b59956a2ff2aa2d1,564
792,8936,cda3f2776c7fb8baa0e99313ee76eec5,449
793,179821,f6d4dbfbeeb39d74ffdccff709515444,939
794,122716,3e51d14fbbb95ed1afb2ce093a6cf1d1,741
795,10532,7fc46919546d5e77d15189d53459d550,771
796,14051,6fba1e383370cba24d0011bf4793fb91,180
797,223879,6b7f5e07f53c3c7978d679440bfe88e0,151
798,238541,e9248caa0ae3e0f1e86523678197b18b,594
799,144531,ecbaed6aeedc81019d9d16a8676888c3,799
800,95923,6edba01f327ed5de9fd4b16000343f14,96
801,191188,baa311e5fde1f389429c14e02d1d4fdd,759
802,85653,c5c7bbe728fe71be9d458b6233ae414f,347
803,28234,28158ca1a4d31a7e02cc4f1f0050e13b,795
804,276203,db0d34360097b9c26f18e13489fabfda,525
805,229626,3b7ece20d51e0378dfb20657754da1bc,773
806,37310,e8c22d57ee56fb273ee19c127a3fec52,27
807,12472,599f43200c686ac1353d5f010070a0c4,878
808,177386,9b76856c9b7ee259b10a5324015f710c,365
809,120515,f36bbb074eee262a24c1140c602d13d3,112
810,108780,0fff38700d7aca4a58c91d0911cc992b,915
811,255546,f29e70878933f01bcc87212926fa98f3,485
812,83754,4f8af468cc4b9ef3a1798a8470fda0c5,447
813,121592,7d075387cf371bddff4a4764dfab1a00,755
814,265827,a014dd9f93845118bb0a24a2e62da9a2,599
815,128503,aacf45720ae43229810ca4133092f9cc,352
816,208568,2bd04270d382d48b87782dacca4f16cc,636
817,187981,14eab2f884e7c7284fe235d24be0e9cd,448
818,159858,5fcb19419ed9218b23e1388b695ab325,548
819,56751,3eb91edc1e5f15846e358873637dcd5f,294
820,97972,9deae24925d89e56ec1b6d2c14e657c1,492
821,88558,1093fa831fecec1b66e8104886b1da7c,608
822,224120,bf9cc9ba7862c9ef894d1ad4440789ca,18
823,126240,62299e1a1482c37dfa41bc3007806a98,210
824,89017,8b1da91c01a055bf8c6a3f01fad469fe,827
825,268110,2b945c5dc1ca7099bf8f4a102727cfcb,511
826,234623,f2f2c78b4489c63b1cc4f7180963e0b9,590
827,270006,c3a572567b2768e3a0e1e2a973b79e85,335
828,15081,84d3144396e1404debb8a63448edd8ca,586
829,257842,d06770ba5e33ecdf91a147f23519afd8,663
830,231820,4cb3e1a1b9e489139a2a33a66ad4ae2b,280
831,36288,f6d2677ca97f54e532a06d7af9371632,530
832,243891,c523bfa6f3757cd4fbcc68a25b97d313,390
833,242178,aa3711f8f7a6e595bbcde1a6fea60771,433
834,253271,ce42731605a5a629bd6e24a2fc282499,919
835,60858,28d40dc8cccc7f83aee1aae19ecefc35,383
836,250330,74fa5db28fae08d6b746d760b6b1419e,331
837,125541,a2da2a25fddfc1cded8eaebb73fd0c5f,672
838,120987,8d2bb087f06ef345de4570460a60aeb7,777
839,139586,79fa2323c0155f1581dedd747fa7662d,379
840,102275,42e540a62d486227d48229b1e2f95bfb,199
841,226950,93d5f0e61c46f0b436ce14931c117366,843
842,116059,6a76bb88dc07707247496f214d6769d0,262
843,52807,f1a8ddfe826132db4d45b6279e105bdd,517
844,112478,51fda2cff19361985407bd5457604282,11
845,245568,f7e473fb78d45564d09709a29d4edbfa,703
846,61427,70241d49cdd9715d36c02ef62807d852,943
847,170385,3db6eb4f6843185bee867ec47758aae8,835
848,269694,66dfb31c2ccd506172a05dfa85bbf98a,852
849,182993,20b44e3648a18722d01c6caac35a198d,861
850,169681,33b8640d993c1f52a2e406c501b516d0,422
851,93179,bb7d07f6f0085b99ab0dedc1e1fae091,860
852,28980,19bf409d9d640a67c259de931fb57a7d,871
853,11773,e3e9f53b98a5162239d3236547e61e63,68
854,195694,37772f70498ede967f8e9bc40a476778,62
855,95316,0a2f45139d5669f13c09670564d299ca,641
856,37538,aecd91cf0bbb3230b58c512be11cfa48,489
857,239061,bb7580219555c7c43a6b0f9ff9360d08,460
858,71831,d8cf44a91df3c6b2f67c3601ab2b595c,184
859,167508,e66e25267d16c186e18dbe56462e1135,849
860,190871,c2002a10677e054e299b0debe77d1554,620
861,203511,bf7fa366005ef4026b8b94978d8a2150,717
862,11415,576820c2da503406e16ae9782b3c0e4c,372
863,37712,acf898f9f48a2d6ff66c5ac6f86197fd,536
864,158043,9f38a904e98f3dade1270357e507424c,595
865,136240,cfe0d47e0c56e10e8e1abfec0338aca1,811
866,91832,dc1860c4125aba5b0712f11048a4c0bd,152
867,118149,28c32eb0921cc1dca3ffac10c0ef6a73,628
868,114306,3abb506cc61f6c18616c63f3a9691fa9,632
869,67686,b71a73c976f5798c0d2bf33bc4bbe858,656
870,47250,f707a22a705ac44e45be0cf8d8af2e4d,879
871,206202,b86510df7a1b78877f8ea6734f503c29,704
872,115435,189b09759af1b26d2d82f0d1ed75953a,329
873,265221,b05b098ddd4c59db3f3631c8ca037a21,844
874,171803,745651d7076f09b903a411dda50d70c3,649
875,50225,f071a7ef53eb1b9d3b2901b4a10da7dc,874
876,139601,37708d030dda5be6f1d19b00ccf8f846,284
877,67930,cf788d4ebadb0a7eac264bc7c7275794,387
878,90174,7f4f89da587c2de7391d52ee370d4d9e,283
879,224138,b95580a5cc9fefbb226f806e6e283594,398
880,241635,27850682ff118e8bd1c88884db1ee3b2,373
881,238607,d74bf42d14aeff9be6d3f9454282f4da,54
882,98344,d5997a081ff75b3dcaad6ad273f41cba,30
883,149043,73f67d1d75e9e812f8c72d14d9e03607,716
884,242513,55e925414e7644d78c1af6046babe2df,124
885,86202,cc9ec358e70b1720e322f309f19916b3,263
886,99997,d430e78016439899456ffb7a16f5d737,246
887,43113,bc183b2c77927567a1dd52f5d22ce04c,277
888,13552,8a101282e2eb3fe1c296dea0d7b387f9,227
889,151537,83b2588cdbad96dc6a918b2ab2a769d5,745
890,30120,9bdab99ead9a599ee824bc7ed525789e,683
891,21576,e66eaf5865a3d1f6109c975be264516d,60
892,52060,49cdf77f3f402a1d2957d483b37254b2,507
893,262491,9ff007a0bad80a18d14371e207ad8c12,47
894,219941,6b15cba41d43f43f6c82093af2632342,247
895,169249,bdd6ae411fac93298224a1be0d16e290,409
896,273581,c1a6910ecac9fd5e5348326675fb6ca6,610
897,247958,8d3172258e703674b84401aac5a3f18a,323
898,64316,b79b3cd28baff62a87737127b38bb200,553
899,90657,6fd8cee0e5c7241a5f963e727781c23f,254
900,263163,55b8a84507731cf8be9c13302ce6cbb9,690
901,207282,6edaace9e526fb2f47ab7bed981ec1d1,400
902,227097,a25ee1270bc74a35da7270fb014ad176,490
903,34415,c52aa69b9cfb6fbfba1564b82d8ca976,894
904,129899,8ead8df5a620466ddadf811608d920ab,902
905,146709,d200a6245072118bc1a6ee483957399b,779
906,278663,e99ca22141d9207668bcfef56660aadc,107
907,174596,300f19173f7e8837a0bb5d8271ede782,440
908,227025,c31fbce2bb395fe46c8ffc6abea89ead,653
909,25630,7511e45f2cc6f6e609ae46c15506538c,439
910,76532,a807890a84273fb32d1eefd70916195c,414
911,92466,86cf76896ed53959d4bf14f3055d12ab,877
912,2766,13f9143d1bad96f33f02109f50a3d3a3,105
913,173773,ff7b01325c3a61f91c9a6e99d77fd0fe,885
914,69310,ce9915b9e6f3d57cd7c4d1397347c815,534
915,114647,483e837429e63e043b2f72f78588d6fe,164
916,209985,b40ab265566ce6697ec6be7b7d705653,853
917,18746,e1be0933331e685d56bb250f0c77e2e8,462
918,222293,88fe51d2570cab64df7c47052243611d,218
919,39560,e9cd5d794fa122de70c7714f61a38c0a,264
920,144255,9945e72b6ed892e722427a49c1e7598a,744
921,75556,ca84cda3e009179c839fd26af4b17160,677
922,58733,432992fe6d5e04e66e31c06ba07a4866,726
923,78471,7b91e3b2f116f5f88eb6908179b299db,82
924,197609,499c994717e4aa0026ad142edb1fd7e0,393
925,177233,2d2c73a7c20f390cae0ae08410134699,196
926,203441,29d945476f8784a2d244865b9f05ebd6,12
927,244204,b7e624e9cdf37d3b2635b8a3c0f2fd70,408
928,216027,201b0b55feea00a64fb8cbee3dacb411,397
929,181687,94b82ad3d8b242a1fe30b275d5505bde,3
930,180860,042055eb2f2bbed89bae2c91428c4532,168
931,56959,2ec2b135b73b88b393235ff317ddef55,183
932,251422,fd26219437efd720717208bf592c2b8e,410
933,150890,69a1ea83c336db21bc01a766af10872c,213
934,33315,f420a5676061d781f9aa57835b25bb74,272
